Model,CV_ROC_AUC,Val_ROC_AUC,Val_Accuracy,Val_F1,Test_ROC_AUC,Test_Accuracy,Test_Precision,Test_Recall,Test_F1
SVM,0.6954327913979697,0.9905201626567264,0.9246575342465754,0.7962962962962963,0.7632822111047322,0.7749140893470791,0.8,0.058394160583941604,0.10884353741496598
RF,0.6917375234927932,0.9577516096238563,0.803082191780822,0.20689655172413793,0.7593537275485934,0.7697594501718213,1.0,0.021897810218978103,0.04285714285714286
XGBoost,0.6785501191233083,0.9401897661809557,0.863013698630137,0.5604395604395604,0.744295907487903,0.7903780068728522,0.7777777777777778,0.15328467153284672,0.25609756097560976
NN,0.6390514850239993,0.9999576414774652,0.9948630136986302,0.9884169884169884,0.6910194373821046,0.7714776632302406,0.5277777777777778,0.2773722627737226,0.36363636363636365
KNN,0.5952651104947285,0.9999830565909861,0.9965753424657534,0.9922480620155039,0.6460510128762404,0.7714776632302406,0.75,0.043795620437956206,0.08275862068965517
