Model,CV_ROC_AUC,Val_ROC_AUC,Val_Accuracy,Val_F1,Test_ROC_AUC,Test_Accuracy,Test_Precision,Test_Recall,Test_F1
RF,0.7160063880837877,0.8292372042372043,0.8919354838709678,0.1728395061728395,0.652073732718894,0.8576051779935275,1.0,0.03296703296703297,0.06382978723404255
KNN,0.66651860360648,1.0,0.9967741935483871,0.9863013698630136,0.6518652125862752,0.8592233009708737,0.625,0.10989010989010989,0.18691588785046728
XGBoost,0.7133285372614482,0.7598876348876349,0.8951612903225806,0.23529411764705882,0.6298037825552056,0.8592233009708737,0.8333333333333334,0.054945054945054944,0.10309278350515463
NN,0.6221344514864459,1.0,0.9967741935483871,0.9863013698630136,0.6208061388327043,0.8155339805825242,0.2653061224489796,0.14285714285714285,0.18571428571428572
SVM,0.6690826360439626,0.9951984951984952,0.964516129032258,0.8253968253968254,0.6019976228704882,0.8592233009708737,0.6,0.13186813186813187,0.21621621621621623
