Model,CV_ROC_AUC,Val_ROC_AUC,Val_Accuracy,Val_F1,Test_ROC_AUC,Test_Accuracy,Test_Precision,Test_Recall,Test_F1
RF,0.7947272201178451,0.9162260489934514,0.9655172413793104,0.3684210526315789,0.7863157894736842,0.9597122302158273,1.0,0.06666666666666667,0.125
SVM,0.7597906144781145,1.0,0.9712643678160919,0.5238095238095238,0.7857644110275689,0.962589928057554,1.0,0.13333333333333333,0.23529411764705882
XGBoost,0.7866148463804713,0.8781227261702643,0.9640804597701149,0.32432432432432434,0.7852882205513785,0.9611510791366906,1.0,0.1,0.18181818181818182
KNN,0.7103969381313132,0.933786078098472,0.9640804597701149,0.358974358974359,0.6887719298245614,0.9611510791366906,0.6666666666666666,0.2,0.3076923076923077
NN,0.7208780513468013,1.0,1.0,1.0,0.6555889724310777,0.9553956834532374,0.46153846153846156,0.2,0.27906976744186046
