Model,CV_ROC_AUC,Val_ROC_AUC,Val_Accuracy,Val_F1,Test_ROC_AUC,Test_Accuracy,Test_Precision,Test_Recall,Test_F1
SVM,0.881097652559421,0.9979455572675912,0.9985207100591716,0.9811320754716981,0.7554014403841024,0.9762962962962963,0.8181818181818182,0.391304347826087,0.5294117647058824
KNN,0.7883538036164162,1.0,0.9985207100591716,0.9811320754716981,0.7434982662043212,0.9674074074074074,0.5384615384615384,0.30434782608695654,0.3888888888888889
RF,0.8768149931747228,0.9993151857558638,0.9807692307692307,0.6829268292682927,0.7355961589757269,0.9733333333333334,0.7272727272727273,0.34782608695652173,0.47058823529411764
XGBoost,0.8602909540146493,0.9445300462249614,0.9704142011834319,0.4444444444444444,0.722259269138437,0.9703703703703703,0.6363636363636364,0.30434782608695654,0.4117647058823529
NN,0.7834918350926083,1.0,0.9985207100591716,0.9811320754716981,0.653774339823953,0.9540740740740741,0.3181818181818182,0.30434782608695654,0.3111111111111111
